Id,type_of_attack
1,satan.
2,satan.
3,satan.
4,satan.
5,satan.
6,satan.
7,satan.
8,satan.
9,satan.
10,satan.
11,satan.
12,satan.
13,satan.
14,satan.
15,satan.
16,satan.
17,satan.
18,satan.
19,satan.
20,satan.
21,satan.
22,satan.
23,satan.
24,satan.
25,satan.
26,satan.
27,satan.
28,satan.
29,satan.
30,satan.
31,satan.
32,satan.
33,satan.
34,satan.
35,satan.
36,satan.
37,satan.
38,satan.
39,satan.
40,satan.
41,satan.
42,satan.
43,satan.
44,satan.
45,satan.
46,satan.
47,satan.
48,satan.
49,satan.
50,satan.
51,satan.
52,satan.
53,satan.
54,satan.
55,satan.
56,satan.
57,satan.
58,satan.
59,satan.
60,satan.
61,satan.
62,satan.
63,satan.
64,satan.
65,satan.
66,satan.
67,satan.
68,satan.
69,satan.
70,satan.
71,satan.
72,satan.
73,satan.
74,satan.
75,satan.
76,satan.
77,satan.
78,satan.
79,satan.
80,satan.
81,satan.
82,satan.
83,satan.
84,satan.
85,satan.
86,satan.
87,satan.
88,satan.
89,satan.
90,satan.
91,satan.
92,satan.
93,satan.
94,satan.
95,satan.
96,satan.
97,satan.
98,satan.
99,satan.
100,satan.
101,satan.
102,satan.
103,satan.
104,satan.
105,satan.
106,satan.
107,satan.
108,satan.
109,satan.
110,satan.
111,satan.
112,satan.
113,satan.
114,satan.
115,satan.
116,satan.
117,satan.
118,satan.
119,satan.
120,satan.
121,satan.
122,satan.
123,satan.
124,satan.
125,satan.
126,satan.
127,satan.
128,satan.
129,satan.
130,satan.
131,satan.
132,satan.
133,satan.
134,satan.
135,satan.
136,satan.
137,satan.
138,satan.
139,satan.
140,satan.
141,satan.
142,satan.
143,satan.
144,satan.
145,satan.
146,satan.
147,satan.
148,satan.
149,satan.
150,satan.
151,satan.
152,satan.
153,satan.
154,satan.
155,satan.
156,satan.
157,satan.
158,satan.
159,satan.
160,satan.
161,satan.
162,satan.
163,satan.
164,satan.
165,satan.
166,satan.
167,satan.
168,satan.
169,satan.
170,satan.
171,satan.
172,satan.
173,satan.
174,satan.
175,satan.
176,satan.
177,satan.
178,satan.
179,satan.
180,satan.
181,satan.
182,satan.
183,satan.
184,satan.
185,satan.
186,satan.
187,satan.
188,satan.
189,satan.
190,satan.
191,satan.
192,satan.
193,satan.
194,satan.
195,satan.
196,satan.
197,satan.
198,satan.
199,satan.
200,satan.
201,satan.
202,satan.
203,satan.
204,satan.
205,satan.
206,satan.
207,satan.
208,satan.
209,satan.
210,satan.
211,satan.
212,satan.
213,satan.
214,satan.
215,satan.
216,satan.
217,satan.
218,satan.
219,satan.
220,satan.
221,satan.
222,satan.
223,satan.
224,satan.
225,satan.
226,satan.
227,satan.
228,satan.
229,satan.
230,satan.
231,satan.
232,satan.
233,satan.
234,satan.
235,satan.
236,satan.
237,satan.
238,satan.
239,satan.
240,satan.
241,satan.
242,satan.
243,satan.
244,satan.
245,satan.
246,satan.
247,satan.
248,satan.
249,satan.
250,satan.
251,satan.
252,satan.
253,satan.
254,satan.
255,satan.
256,satan.
257,satan.
258,satan.
259,satan.
260,satan.
261,satan.
262,satan.
263,satan.
264,satan.
265,satan.
266,satan.
267,satan.
268,satan.
269,satan.
270,satan.
271,satan.
272,satan.
273,satan.
274,satan.
275,satan.
276,satan.
277,satan.
278,satan.
279,satan.
280,satan.
281,satan.
282,satan.
283,satan.
284,satan.
285,satan.
286,satan.
287,satan.
288,satan.
289,satan.
290,satan.
291,satan.
292,satan.
293,satan.
294,satan.
295,satan.
296,satan.
297,satan.
298,satan.
299,satan.
300,satan.
301,satan.
302,satan.
303,satan.
304,satan.
305,satan.
306,satan.
307,satan.
308,satan.
309,satan.
310,satan.
311,satan.
312,satan.
313,satan.
314,satan.
315,satan.
316,satan.
317,satan.
318,satan.
319,satan.
320,satan.
321,satan.
322,satan.
323,satan.
324,satan.
325,satan.
326,satan.
327,satan.
328,satan.
329,satan.
330,satan.
331,satan.
332,satan.
333,satan.
334,satan.
335,satan.
336,satan.
337,satan.
338,satan.
339,satan.
340,satan.
341,satan.
342,satan.
343,satan.
344,satan.
345,satan.
346,satan.
347,satan.
348,satan.
349,satan.
350,satan.
351,satan.
352,satan.
353,satan.
354,satan.
355,satan.
356,satan.
357,satan.
358,satan.
359,satan.
360,satan.
361,satan.
362,satan.
363,satan.
364,satan.
365,satan.
366,satan.
367,satan.
368,satan.
369,satan.
370,satan.
371,satan.
372,satan.
373,satan.
374,satan.
375,satan.
376,satan.
377,satan.
378,satan.
379,satan.
380,satan.
381,satan.
382,satan.
383,satan.
384,satan.
385,satan.
386,satan.
387,satan.
388,satan.
389,satan.
390,satan.
391,satan.
392,satan.
393,satan.
394,satan.
395,satan.
396,satan.
397,satan.
398,satan.
399,satan.
400,satan.
401,satan.
402,satan.
403,satan.
404,satan.
405,satan.
406,satan.
407,satan.
408,satan.
409,satan.
410,satan.
411,satan.
412,satan.
413,satan.
414,satan.
415,satan.
416,satan.
417,satan.
418,satan.
419,satan.
420,satan.
421,satan.
422,satan.
423,satan.
424,satan.
425,satan.
426,satan.
427,satan.
428,satan.
429,satan.
430,satan.
431,satan.
432,satan.
433,satan.
434,satan.
435,satan.
436,satan.
437,satan.
438,satan.
439,satan.
440,satan.
441,satan.
442,satan.
443,satan.
444,satan.
445,satan.
446,satan.
447,satan.
448,satan.
449,satan.
450,satan.
451,satan.
452,satan.
453,satan.
454,satan.
455,satan.
456,satan.
457,satan.
458,satan.
459,satan.
460,satan.
461,satan.
462,satan.
463,satan.
464,satan.
465,satan.
466,satan.
467,satan.
468,satan.
469,satan.
470,satan.
471,satan.
472,satan.
473,satan.
474,satan.
475,satan.
476,satan.
477,satan.
478,satan.
479,satan.
480,satan.
481,satan.
482,satan.
483,satan.
484,satan.
485,satan.
486,satan.
487,satan.
488,satan.
489,satan.
490,satan.
491,satan.
492,satan.
493,satan.
494,satan.
495,satan.
496,satan.
497,satan.
498,satan.
499,satan.
500,satan.
501,satan.
502,satan.
503,satan.
504,satan.
505,satan.
506,satan.
507,satan.
508,satan.
509,satan.
510,satan.
511,satan.
512,satan.
513,satan.
514,satan.
515,satan.
516,satan.
517,satan.
518,satan.
519,satan.
520,satan.
521,satan.
522,satan.
523,satan.
524,satan.
525,satan.
526,satan.
527,satan.
528,satan.
529,satan.
530,satan.
531,satan.
532,satan.
533,satan.
534,satan.
535,satan.
536,satan.
537,satan.
538,satan.
539,satan.
540,satan.
541,satan.
542,satan.
543,satan.
544,satan.
545,satan.
546,satan.
547,satan.
548,satan.
549,satan.
550,satan.
551,satan.
552,satan.
553,satan.
554,satan.
555,satan.
556,satan.
557,satan.
558,satan.
559,satan.
560,satan.
561,satan.
562,satan.
563,satan.
564,satan.
565,satan.
566,satan.
567,satan.
568,satan.
569,satan.
570,satan.
571,satan.
572,satan.
573,satan.
574,satan.
575,satan.
576,satan.
577,satan.
578,satan.
579,satan.
580,satan.
581,satan.
582,satan.
583,satan.
584,satan.
585,satan.
586,satan.
587,satan.
588,satan.
589,satan.
590,satan.
591,satan.
592,satan.
593,satan.
594,satan.
595,satan.
596,satan.
597,satan.
598,satan.
599,satan.
600,satan.
601,satan.
602,satan.
603,satan.
604,satan.
605,satan.
606,satan.
607,satan.
608,satan.
609,satan.
610,satan.
611,satan.
612,satan.
613,satan.
614,satan.
615,satan.
616,satan.
617,satan.
618,satan.
619,satan.
620,satan.
621,satan.
622,satan.
623,satan.
624,satan.
625,satan.
626,satan.
627,satan.
628,satan.
629,satan.
630,satan.
631,satan.
632,satan.
633,satan.
634,satan.
635,satan.
636,satan.
637,satan.
638,satan.
639,satan.
640,satan.
641,satan.
642,satan.
643,satan.
644,satan.
645,satan.
646,satan.
647,satan.
648,satan.
649,satan.
650,satan.
651,satan.
652,satan.
653,satan.
654,satan.
655,satan.
656,satan.
657,satan.
658,satan.
659,satan.
660,satan.
661,satan.
662,satan.
663,satan.
664,satan.
665,satan.
666,satan.
667,satan.
668,satan.
669,satan.
670,satan.
671,satan.
672,satan.
673,satan.
674,satan.
675,satan.
676,satan.
677,satan.
678,satan.
679,satan.
680,satan.
681,satan.
682,satan.
683,satan.
684,satan.
685,satan.
686,satan.
687,satan.
688,satan.
689,satan.
690,satan.
691,satan.
692,satan.
693,satan.
694,satan.
695,satan.
696,satan.
697,satan.
698,satan.
699,satan.
700,satan.
701,satan.
702,satan.
703,satan.
704,satan.
705,satan.
706,satan.
707,satan.
708,satan.
709,satan.
710,satan.
711,satan.
712,satan.
713,satan.
714,satan.
715,satan.
716,satan.
717,satan.
718,satan.
719,satan.
720,satan.
721,satan.
722,satan.
723,satan.
724,satan.
725,satan.
726,satan.
727,satan.
728,satan.
729,satan.
730,satan.
731,satan.
732,satan.
733,satan.
734,satan.
735,satan.
736,satan.
737,satan.
738,satan.
739,satan.
740,satan.
741,satan.
742,satan.
743,satan.
744,satan.
745,satan.
746,satan.
747,satan.
748,satan.
749,satan.
750,satan.
751,satan.
752,satan.
753,satan.
754,satan.
755,satan.
756,satan.
757,satan.
758,satan.
759,satan.
760,satan.
761,satan.
762,satan.
763,satan.
764,satan.
765,satan.
766,satan.
767,satan.
768,satan.
769,satan.
770,satan.
771,satan.
772,satan.
773,satan.
774,satan.
775,satan.
776,satan.
777,satan.
778,satan.
779,satan.
780,satan.
781,satan.
782,satan.
783,satan.
784,satan.
785,satan.
786,satan.
787,satan.
788,satan.
789,satan.
790,satan.
791,satan.
792,satan.
793,satan.
794,satan.
795,satan.
796,satan.
797,satan.
798,satan.
799,satan.
800,satan.
801,satan.
802,satan.
803,satan.
804,satan.
805,satan.
806,satan.
807,satan.
808,satan.
809,satan.
810,satan.
811,satan.
812,satan.
813,satan.
814,satan.
815,satan.
816,satan.
817,satan.
818,satan.
819,satan.
820,satan.
821,satan.
822,satan.
823,satan.
824,satan.
825,satan.
826,satan.
827,satan.
828,satan.
829,satan.
830,satan.
831,satan.
832,satan.
833,satan.
834,satan.
835,satan.
836,satan.
837,satan.
838,satan.
839,satan.
840,satan.
841,satan.
842,satan.
843,satan.
844,satan.
845,satan.
846,satan.
847,satan.
848,satan.
849,satan.
850,satan.
851,satan.
852,satan.
853,satan.
854,satan.
855,satan.
856,satan.
857,satan.
858,satan.
859,satan.
860,satan.
861,satan.
862,satan.
863,satan.
864,satan.
865,satan.
866,satan.
867,satan.
868,satan.
869,satan.
870,satan.
871,satan.
872,satan.
873,satan.
874,satan.
875,satan.
876,satan.
877,satan.
878,satan.
879,satan.
880,satan.
881,satan.
882,satan.
883,satan.
884,satan.
885,satan.
886,satan.
887,satan.
888,satan.
889,satan.
890,satan.
891,satan.
892,satan.
893,satan.
894,satan.
895,satan.
896,satan.
897,satan.
898,satan.
899,satan.
900,satan.
901,satan.
902,satan.
903,satan.
904,satan.
905,satan.
906,satan.
907,satan.
908,satan.
909,satan.
910,satan.
911,satan.
912,satan.
913,satan.
914,satan.
915,satan.
916,satan.
917,satan.
918,satan.
919,satan.
920,satan.
921,satan.
922,satan.
923,satan.
924,satan.
925,satan.
926,satan.
927,satan.
928,satan.
929,satan.
930,satan.
931,satan.
932,satan.
933,satan.
934,satan.
935,satan.
936,satan.
937,satan.
938,satan.
939,satan.
940,satan.
941,satan.
942,satan.
943,satan.
944,satan.
945,satan.
946,satan.
947,satan.
948,satan.
949,satan.
950,satan.
951,satan.
952,satan.
953,satan.
954,satan.
955,satan.
956,satan.
957,satan.
958,satan.
959,satan.
960,satan.
961,satan.
962,satan.
963,satan.
964,satan.
965,satan.
966,satan.
967,satan.
968,satan.
969,satan.
970,satan.
971,satan.
972,satan.
973,satan.
974,satan.
975,satan.
976,satan.
977,satan.
978,satan.
979,satan.
980,satan.
981,satan.
982,satan.
983,satan.
984,satan.
985,satan.
986,satan.
987,satan.
988,satan.
989,satan.
990,satan.
991,satan.
992,satan.
993,satan.
994,satan.
995,satan.
996,satan.
997,satan.
998,satan.
999,satan.
1000,satan.
1001,satan.
1002,satan.
1003,satan.
1004,satan.
1005,satan.
1006,satan.
1007,satan.
1008,satan.
1009,satan.
1010,satan.
1011,satan.
1012,satan.
1013,satan.
1014,satan.
1015,satan.
1016,satan.
1017,satan.
1018,satan.
1019,satan.
1020,satan.
1021,satan.
1022,satan.
1023,satan.
1024,satan.
1025,satan.
1026,satan.
1027,satan.
1028,satan.
1029,satan.
1030,satan.
1031,satan.
1032,satan.
1033,satan.
1034,satan.
1035,satan.
1036,satan.
1037,satan.
1038,satan.
1039,satan.
1040,satan.
1041,satan.
1042,satan.
1043,satan.
1044,satan.
1045,satan.
1046,satan.
1047,satan.
1048,satan.
1049,satan.
1050,satan.
1051,satan.
1052,satan.
1053,satan.
1054,satan.
1055,satan.
1056,satan.
1057,satan.
1058,satan.
1059,satan.
1060,satan.
1061,satan.
1062,satan.
1063,satan.
1064,satan.
1065,satan.
1066,satan.
1067,satan.
1068,satan.
1069,satan.
1070,satan.
1071,satan.
1072,satan.
1073,satan.
1074,satan.
1075,satan.
1076,satan.
1077,satan.
1078,satan.
1079,satan.
1080,satan.
1081,satan.
1082,satan.
1083,satan.
1084,satan.
1085,satan.
1086,satan.
1087,satan.
1088,satan.
1089,satan.
1090,satan.
1091,satan.
1092,satan.
1093,satan.
1094,satan.
1095,satan.
1096,satan.
1097,satan.
1098,satan.
1099,satan.
1100,satan.
1101,satan.
1102,satan.
1103,satan.
1104,satan.
1105,satan.
1106,satan.
1107,satan.
1108,satan.
1109,satan.
1110,satan.
1111,satan.
1112,satan.
1113,satan.
1114,satan.
1115,satan.
1116,satan.
1117,satan.
1118,satan.
1119,satan.
1120,satan.
1121,satan.
1122,satan.
1123,satan.
1124,satan.
1125,satan.
1126,satan.
1127,satan.
1128,satan.
1129,satan.
1130,satan.
1131,satan.
1132,satan.
1133,satan.
1134,satan.
1135,satan.
1136,satan.
1137,satan.
1138,satan.
1139,satan.
1140,satan.
1141,satan.
1142,satan.
1143,satan.
1144,satan.
1145,satan.
1146,satan.
1147,satan.
1148,satan.
1149,satan.
1150,satan.
1151,satan.
1152,satan.
1153,satan.
1154,satan.
1155,satan.
1156,satan.
1157,satan.
1158,satan.
1159,satan.
1160,satan.
1161,satan.
1162,satan.
1163,satan.
1164,satan.
1165,satan.
1166,satan.
1167,satan.
1168,satan.
1169,satan.
1170,satan.
1171,satan.
1172,satan.
1173,satan.
1174,satan.
1175,satan.
1176,satan.
1177,satan.
1178,satan.
1179,satan.
1180,satan.
1181,satan.
1182,satan.
1183,satan.
1184,satan.
1185,satan.
1186,satan.
1187,satan.
1188,satan.
1189,satan.
1190,satan.
1191,satan.
1192,satan.
1193,satan.
1194,satan.
1195,satan.
1196,satan.
1197,satan.
1198,satan.
1199,satan.
1200,satan.
1201,satan.
1202,satan.
1203,satan.
1204,satan.
1205,satan.
1206,satan.
1207,satan.
1208,satan.
1209,satan.
1210,satan.
1211,satan.
1212,satan.
1213,satan.
1214,satan.
1215,satan.
1216,satan.
1217,satan.
1218,satan.
1219,satan.
1220,satan.
1221,satan.
1222,satan.
1223,satan.
1224,satan.
1225,satan.
1226,satan.
1227,satan.
1228,satan.
1229,satan.
1230,satan.
1231,satan.
1232,satan.
1233,satan.
1234,satan.
1235,satan.
1236,satan.
1237,satan.
1238,satan.
1239,satan.
1240,satan.
1241,satan.
1242,satan.
1243,satan.
1244,satan.
1245,satan.
1246,satan.
1247,satan.
1248,satan.
1249,satan.
1250,satan.
1251,satan.
1252,satan.
1253,satan.
1254,satan.
1255,satan.
1256,satan.
1257,satan.
1258,satan.
1259,satan.
1260,satan.
1261,satan.
1262,satan.
1263,satan.
1264,satan.
1265,satan.
1266,satan.
1267,satan.
1268,satan.
1269,satan.
1270,satan.
1271,satan.
1272,satan.
1273,satan.
1274,satan.
1275,satan.
1276,satan.
1277,satan.
1278,satan.
1279,satan.
1280,satan.
1281,satan.
1282,satan.
1283,satan.
1284,satan.
1285,satan.
1286,satan.
1287,satan.
1288,satan.
1289,satan.
1290,satan.
1291,satan.
1292,satan.
1293,satan.
1294,satan.
1295,satan.
1296,satan.
1297,satan.
1298,satan.
1299,satan.
1300,satan.
1301,satan.
1302,satan.
1303,satan.
1304,satan.
1305,satan.
1306,satan.
1307,satan.
1308,satan.
1309,satan.
1310,satan.
1311,satan.
1312,satan.
1313,satan.
1314,satan.
1315,satan.
1316,satan.
1317,satan.
1318,satan.
1319,satan.
1320,satan.
1321,satan.
1322,satan.
1323,satan.
1324,satan.
1325,satan.
1326,satan.
1327,satan.
1328,satan.
1329,satan.
1330,satan.
1331,satan.
1332,satan.
1333,satan.
1334,satan.
1335,satan.
1336,satan.
1337,satan.
1338,satan.
1339,satan.
1340,satan.
1341,satan.
1342,satan.
1343,satan.
1344,satan.
1345,satan.
1346,satan.
1347,satan.
1348,satan.
1349,satan.
1350,satan.
1351,satan.
1352,satan.
1353,satan.
1354,satan.
1355,satan.
1356,satan.
1357,satan.
1358,satan.
1359,satan.
1360,satan.
1361,satan.
1362,satan.
1363,satan.
1364,satan.
1365,satan.
1366,satan.
1367,satan.
1368,satan.
1369,satan.
1370,satan.
1371,satan.
1372,satan.
1373,satan.
1374,satan.
1375,satan.
1376,satan.
1377,satan.
1378,satan.
1379,satan.
1380,satan.
1381,satan.
1382,satan.
1383,satan.
1384,satan.
1385,satan.
1386,satan.
1387,satan.
1388,satan.
1389,satan.
1390,satan.
1391,satan.
1392,satan.
1393,satan.
1394,satan.
1395,satan.
1396,satan.
1397,satan.
1398,satan.
1399,satan.
1400,satan.
1401,satan.
1402,satan.
1403,satan.
1404,satan.
1405,satan.
1406,satan.
1407,satan.
1408,satan.
1409,satan.
1410,satan.
1411,satan.
1412,satan.
1413,satan.
1414,satan.
1415,satan.
1416,satan.
1417,satan.
1418,satan.
1419,satan.
1420,satan.
1421,satan.
1422,satan.
1423,satan.
1424,satan.
1425,satan.
1426,satan.
1427,satan.
1428,satan.
1429,satan.
1430,satan.
1431,satan.
1432,satan.
1433,satan.
1434,satan.
1435,satan.
1436,satan.
1437,satan.
1438,satan.
1439,satan.
1440,satan.
1441,satan.
1442,satan.
1443,satan.
1444,satan.
1445,satan.
1446,satan.
1447,satan.
1448,satan.
1449,satan.
1450,satan.
1451,satan.
1452,satan.
1453,satan.
1454,satan.
1455,satan.
1456,satan.
1457,satan.
1458,satan.
1459,satan.
1460,satan.
1461,satan.
1462,satan.
1463,satan.
1464,satan.
1465,satan.
1466,satan.
1467,satan.
1468,satan.
1469,satan.
1470,satan.
1471,satan.
1472,satan.
1473,satan.
1474,satan.
1475,satan.
1476,satan.
1477,satan.
1478,satan.
1479,satan.
1480,satan.
1481,satan.
1482,satan.
1483,satan.
1484,satan.
1485,satan.
1486,satan.
1487,satan.
1488,satan.
1489,satan.
1490,satan.
1491,satan.
1492,satan.
1493,satan.
1494,satan.
1495,satan.
1496,satan.
1497,satan.
1498,satan.
1499,satan.
1500,satan.
1501,satan.
1502,satan.
1503,satan.
1504,satan.
1505,satan.
1506,satan.
1507,satan.
1508,satan.
1509,satan.
1510,satan.
1511,satan.
1512,satan.
1513,satan.
1514,satan.
1515,satan.
1516,satan.
1517,satan.
1518,satan.
1519,satan.
1520,satan.
1521,satan.
1522,satan.
1523,satan.
1524,satan.
1525,satan.
1526,satan.
1527,satan.
1528,satan.
1529,satan.
1530,satan.
1531,satan.
1532,satan.
1533,satan.
1534,satan.
1535,satan.
1536,satan.
1537,satan.
1538,satan.
1539,satan.
1540,satan.
1541,satan.
1542,satan.
1543,satan.
1544,satan.
1545,satan.
1546,satan.
1547,satan.
1548,satan.
1549,satan.
1550,satan.
1551,satan.
1552,satan.
1553,satan.
1554,satan.
1555,satan.
1556,satan.
1557,satan.
1558,satan.
1559,satan.
1560,satan.
1561,satan.
1562,satan.
1563,satan.
1564,satan.
1565,satan.
1566,satan.
1567,satan.
1568,satan.
1569,satan.
1570,satan.
1571,satan.
1572,satan.
1573,satan.
1574,satan.
1575,satan.
1576,satan.
1577,satan.
1578,satan.
1579,satan.
1580,satan.
1581,satan.
1582,satan.
1583,satan.
1584,satan.
1585,satan.
1586,satan.
1587,satan.
1588,satan.
1589,satan.
1590,satan.
1591,satan.
1592,satan.
1593,satan.
1594,satan.
1595,satan.
1596,satan.
1597,satan.
1598,satan.
1599,satan.
1600,satan.
1601,satan.
1602,satan.
1603,satan.
1604,satan.
1605,satan.
1606,satan.
1607,satan.
1608,satan.
1609,satan.
1610,satan.
1611,satan.
1612,satan.
1613,satan.
1614,satan.
1615,satan.
1616,satan.
1617,satan.
1618,satan.
1619,satan.
1620,satan.
1621,satan.
1622,satan.
1623,satan.
1624,satan.
1625,satan.
1626,satan.
1627,satan.
1628,satan.
1629,satan.
1630,satan.
1631,satan.
1632,satan.
1633,satan.
1634,satan.
1635,satan.
1636,satan.
1637,satan.
1638,satan.
1639,satan.
1640,satan.
1641,satan.
1642,satan.
1643,satan.
1644,satan.
1645,satan.
1646,satan.
1647,satan.
1648,satan.
1649,satan.
1650,satan.
1651,satan.
1652,satan.
1653,satan.
1654,satan.
1655,satan.
1656,satan.
1657,satan.
1658,satan.
1659,satan.
1660,satan.
1661,satan.
1662,satan.
1663,satan.
1664,satan.
1665,satan.
1666,satan.
1667,satan.
1668,satan.
1669,satan.
1670,satan.
1671,satan.
1672,satan.
1673,satan.
1674,satan.
1675,satan.
1676,satan.
1677,satan.
1678,satan.
1679,satan.
1680,satan.
1681,satan.
1682,satan.
1683,satan.
1684,satan.
1685,satan.
1686,satan.
1687,satan.
1688,satan.
1689,satan.
1690,satan.
1691,satan.
1692,satan.
1693,satan.
1694,satan.
1695,satan.
1696,satan.
1697,satan.
1698,satan.
1699,satan.
1700,satan.
1701,satan.
1702,satan.
1703,satan.
1704,satan.
1705,satan.
1706,satan.
1707,satan.
1708,satan.
1709,satan.
1710,satan.
1711,satan.
1712,satan.
1713,satan.
1714,satan.
1715,satan.
1716,satan.
1717,satan.
1718,satan.
1719,satan.
1720,satan.
1721,satan.
1722,satan.
1723,satan.
1724,satan.
1725,satan.
1726,satan.
1727,satan.
1728,satan.
1729,satan.
1730,satan.
1731,satan.
1732,satan.
1733,satan.
1734,satan.
1735,satan.
1736,satan.
1737,satan.
1738,satan.
1739,satan.
1740,satan.
1741,satan.
1742,satan.
1743,satan.
1744,satan.
1745,satan.
1746,satan.
1747,satan.
1748,satan.
1749,satan.
1750,satan.
1751,satan.
1752,satan.
1753,satan.
1754,satan.
1755,satan.
1756,satan.
1757,satan.
1758,satan.
1759,satan.
1760,satan.
1761,satan.
1762,satan.
1763,satan.
1764,satan.
1765,satan.
1766,satan.
1767,satan.
1768,satan.
1769,satan.
1770,satan.
1771,satan.
1772,satan.
1773,satan.
1774,satan.
1775,satan.
1776,satan.
1777,satan.
1778,satan.
1779,satan.
1780,satan.
1781,satan.
1782,satan.
1783,satan.
1784,satan.
1785,satan.
1786,satan.
1787,satan.
1788,satan.
1789,satan.
1790,satan.
1791,satan.
1792,satan.
1793,satan.
1794,satan.
1795,satan.
1796,satan.
1797,satan.
1798,satan.
1799,satan.
1800,satan.
1801,satan.
1802,satan.
1803,satan.
1804,satan.
1805,satan.
1806,satan.
1807,satan.
1808,satan.
1809,satan.
1810,satan.
1811,satan.
1812,satan.
1813,satan.
1814,satan.
1815,satan.
1816,satan.
1817,satan.
1818,satan.
1819,satan.
1820,satan.
1821,satan.
1822,satan.
1823,satan.
1824,satan.
1825,satan.
1826,satan.
1827,satan.
1828,satan.
1829,satan.
1830,satan.
1831,satan.
1832,satan.
1833,satan.
1834,satan.
1835,satan.
1836,satan.
1837,satan.
1838,satan.
1839,satan.
1840,satan.
1841,satan.
1842,satan.
1843,satan.
1844,satan.
1845,satan.
1846,satan.
1847,satan.
1848,satan.
1849,satan.
1850,satan.
1851,satan.
1852,satan.
1853,satan.
1854,satan.
1855,satan.
1856,satan.
1857,satan.
1858,satan.
1859,satan.
1860,satan.
1861,satan.
1862,satan.
1863,satan.
1864,satan.
1865,satan.
1866,satan.
1867,satan.
1868,satan.
1869,satan.
1870,satan.
1871,satan.
1872,satan.
1873,satan.
1874,satan.
1875,satan.
1876,satan.
1877,satan.
1878,satan.
1879,satan.
1880,satan.
1881,satan.
1882,satan.
1883,satan.
1884,satan.
1885,satan.
1886,satan.
1887,satan.
1888,satan.
1889,satan.
1890,satan.
1891,satan.
1892,satan.
1893,satan.
1894,satan.
1895,satan.
1896,satan.
1897,satan.
1898,satan.
1899,satan.
1900,satan.
1901,satan.
1902,satan.
1903,satan.
1904,satan.
1905,satan.
1906,satan.
1907,satan.
1908,satan.
1909,satan.
1910,satan.
1911,satan.
1912,satan.
1913,satan.
1914,satan.
1915,satan.
1916,satan.
1917,satan.
1918,satan.
1919,satan.
1920,satan.
1921,satan.
1922,satan.
1923,satan.
1924,satan.
1925,satan.
1926,satan.
1927,satan.
1928,satan.
1929,satan.
1930,satan.
1931,satan.
1932,satan.
1933,satan.
1934,satan.
1935,satan.
1936,satan.
1937,satan.
1938,satan.
1939,satan.
1940,satan.
1941,satan.
1942,satan.
1943,satan.
1944,satan.
1945,satan.
1946,satan.
1947,satan.
1948,satan.
1949,satan.
1950,satan.
1951,satan.
1952,satan.
1953,satan.
1954,satan.
1955,satan.
1956,satan.
1957,satan.
1958,satan.
1959,satan.
1960,satan.
1961,satan.
1962,satan.
1963,satan.
1964,satan.
1965,satan.
1966,satan.
1967,satan.
1968,satan.
1969,satan.
1970,satan.
1971,satan.
1972,satan.
1973,satan.
1974,satan.
1975,satan.
1976,satan.
1977,satan.
1978,satan.
1979,satan.
1980,satan.
1981,satan.
1982,satan.
1983,satan.
1984,satan.
1985,satan.
1986,satan.
1987,satan.
1988,satan.
1989,satan.
1990,satan.
1991,satan.
1992,satan.
1993,satan.
1994,satan.
1995,satan.
1996,satan.
1997,satan.
1998,satan.
1999,satan.
2000,satan.
2001,satan.
2002,satan.
2003,satan.
2004,satan.
2005,satan.
2006,satan.
2007,satan.
2008,satan.
2009,satan.
2010,satan.
2011,satan.
2012,satan.
2013,satan.
2014,satan.
2015,satan.
2016,satan.
2017,satan.
2018,satan.
2019,satan.
2020,satan.
2021,satan.
2022,satan.
2023,satan.
2024,satan.
2025,satan.
2026,satan.
2027,satan.
2028,satan.
2029,satan.
2030,satan.
2031,satan.
2032,satan.
2033,satan.
2034,satan.
2035,satan.
2036,satan.
2037,satan.
2038,satan.
2039,satan.
2040,satan.
2041,satan.
2042,satan.
2043,satan.
2044,satan.
2045,satan.
2046,satan.
2047,satan.
2048,satan.
2049,satan.
2050,satan.
2051,satan.
2052,satan.
2053,satan.
2054,satan.
2055,satan.
2056,satan.
2057,satan.
2058,satan.
2059,satan.
2060,satan.
2061,satan.
2062,satan.
2063,satan.
2064,satan.
2065,satan.
2066,satan.
2067,satan.
2068,satan.
2069,satan.
2070,satan.
2071,satan.
2072,satan.
2073,satan.
2074,satan.
2075,satan.
2076,satan.
2077,satan.
2078,satan.
2079,satan.
2080,satan.
2081,satan.
2082,satan.
2083,satan.
2084,satan.
2085,satan.
2086,satan.
2087,satan.
2088,satan.
2089,satan.
2090,satan.
2091,satan.
2092,satan.
2093,satan.
2094,satan.
2095,satan.
2096,satan.
2097,satan.
2098,satan.
2099,satan.
2100,satan.
2101,satan.
2102,satan.
2103,satan.
2104,satan.
2105,satan.
2106,satan.
2107,satan.
2108,satan.
2109,satan.
2110,satan.
2111,satan.
2112,satan.
2113,satan.
2114,satan.
2115,satan.
2116,satan.
2117,satan.
2118,satan.
2119,satan.
2120,satan.
2121,satan.
2122,satan.
2123,satan.
2124,satan.
2125,satan.
2126,satan.
2127,satan.
2128,satan.
2129,satan.
2130,satan.
2131,satan.
2132,satan.
2133,satan.
2134,satan.
2135,satan.
2136,satan.
2137,satan.
2138,satan.
2139,satan.
2140,satan.
2141,satan.
2142,satan.
2143,satan.
2144,satan.
2145,satan.
2146,satan.
2147,satan.
2148,satan.
2149,satan.
2150,satan.
2151,satan.
2152,satan.
2153,satan.
2154,satan.
2155,satan.
2156,satan.
2157,satan.
2158,satan.
2159,satan.
2160,satan.
2161,satan.
2162,satan.
2163,satan.
2164,satan.
2165,satan.
2166,satan.
2167,satan.
2168,satan.
2169,satan.
2170,satan.
2171,satan.
2172,satan.
2173,satan.
2174,satan.
2175,satan.
2176,satan.
2177,satan.
2178,satan.
2179,satan.
2180,satan.
2181,satan.
2182,satan.
2183,satan.
2184,satan.
2185,satan.
2186,satan.
2187,satan.
2188,satan.
2189,satan.
2190,satan.
2191,satan.
2192,satan.
2193,satan.
2194,satan.
2195,satan.
2196,satan.
2197,satan.
2198,satan.
2199,satan.
2200,satan.
2201,satan.
2202,satan.
2203,satan.
2204,satan.
2205,satan.
2206,satan.
2207,satan.
2208,satan.
2209,satan.
2210,satan.
2211,satan.
2212,satan.
2213,satan.
2214,satan.
2215,satan.
2216,satan.
2217,satan.
2218,satan.
2219,satan.
2220,satan.
2221,satan.
2222,satan.
2223,satan.
2224,satan.
2225,satan.
2226,satan.
2227,satan.
2228,satan.
2229,satan.
2230,satan.
2231,satan.
2232,satan.
2233,satan.
2234,satan.
2235,satan.
2236,satan.
2237,satan.
2238,satan.
2239,satan.
2240,satan.
2241,satan.
2242,satan.
2243,satan.
2244,satan.
2245,satan.
2246,satan.
2247,satan.
2248,satan.
2249,satan.
2250,satan.
2251,satan.
2252,satan.
2253,satan.
2254,satan.
2255,satan.
2256,satan.
2257,satan.
2258,satan.
2259,satan.
2260,satan.
2261,satan.
2262,satan.
2263,satan.
2264,satan.
2265,satan.
2266,satan.
2267,satan.
2268,satan.
2269,satan.
2270,satan.
2271,satan.
2272,satan.
2273,satan.
2274,satan.
2275,satan.
2276,satan.
2277,satan.
2278,satan.
2279,satan.
2280,satan.
2281,satan.
2282,satan.
2283,satan.
2284,satan.
2285,satan.
2286,satan.
2287,satan.
2288,satan.
2289,satan.
2290,satan.
2291,satan.
2292,satan.
2293,satan.
2294,satan.
2295,satan.
2296,satan.
2297,satan.
2298,satan.
2299,satan.
2300,satan.
2301,satan.
2302,satan.
2303,satan.
2304,satan.
2305,satan.
2306,satan.
2307,satan.
2308,satan.
2309,satan.
2310,satan.
2311,satan.
2312,satan.
2313,satan.
2314,satan.
2315,satan.
2316,satan.
2317,satan.
2318,satan.
2319,satan.
2320,satan.
2321,satan.
2322,satan.
2323,satan.
2324,satan.
2325,satan.
2326,satan.
2327,satan.
2328,satan.
2329,satan.
2330,satan.
2331,satan.
2332,satan.
2333,satan.
2334,satan.
2335,satan.
2336,satan.
2337,satan.
2338,satan.
2339,satan.
2340,satan.
2341,satan.
2342,satan.
2343,satan.
2344,satan.
2345,satan.
2346,satan.
2347,satan.
2348,satan.
2349,satan.
2350,satan.
2351,satan.
2352,satan.
2353,satan.
2354,satan.
2355,satan.
2356,satan.
2357,satan.
2358,satan.
2359,satan.
2360,satan.
2361,satan.
2362,satan.
2363,satan.
2364,satan.
2365,satan.
2366,satan.
2367,satan.
2368,satan.
2369,satan.
2370,satan.
2371,satan.
2372,satan.
2373,satan.
2374,satan.
2375,satan.
2376,satan.
2377,satan.
2378,satan.
2379,satan.
2380,satan.
2381,satan.
2382,satan.
2383,satan.
2384,satan.
2385,satan.
2386,satan.
2387,satan.
2388,satan.
2389,satan.
2390,satan.
2391,satan.
2392,satan.
2393,satan.
2394,satan.
2395,satan.
2396,satan.
2397,satan.
2398,satan.
2399,satan.
2400,satan.
2401,satan.
2402,satan.
2403,satan.
2404,satan.
2405,satan.
2406,satan.
2407,satan.
2408,satan.
2409,satan.
2410,satan.
2411,satan.
2412,satan.
2413,satan.
2414,satan.
2415,satan.
2416,satan.
2417,satan.
2418,satan.
2419,satan.
2420,satan.
2421,satan.
2422,satan.
2423,satan.
2424,satan.
2425,satan.
2426,satan.
2427,satan.
2428,satan.
2429,satan.
2430,satan.
2431,satan.
2432,satan.
2433,satan.
2434,satan.
2435,satan.
2436,satan.
2437,satan.
2438,satan.
2439,satan.
2440,satan.
2441,satan.
2442,satan.
2443,satan.
2444,satan.
2445,satan.
2446,satan.
2447,satan.
2448,satan.
2449,satan.
2450,satan.
2451,satan.
2452,satan.
2453,satan.
2454,satan.
2455,satan.
2456,satan.
2457,satan.
2458,satan.
2459,satan.
2460,satan.
2461,satan.
2462,satan.
2463,satan.
2464,satan.
2465,satan.
2466,satan.
2467,satan.
2468,satan.
2469,satan.
2470,satan.
2471,satan.
2472,satan.
2473,satan.
2474,satan.
2475,satan.
2476,satan.
2477,satan.
2478,satan.
2479,satan.
2480,satan.
2481,satan.
2482,satan.
2483,satan.
2484,satan.
2485,satan.
2486,satan.
2487,satan.
2488,satan.
2489,satan.
2490,satan.
2491,satan.
2492,satan.
2493,satan.
2494,satan.
2495,satan.
2496,satan.
2497,satan.
2498,satan.
2499,satan.
2500,satan.
2501,satan.
2502,satan.
2503,satan.
2504,satan.
2505,satan.
2506,satan.
2507,satan.
2508,satan.
2509,satan.
2510,satan.
2511,satan.
2512,satan.
2513,satan.
2514,satan.
2515,satan.
2516,satan.
2517,satan.
2518,satan.
2519,satan.
2520,satan.
2521,satan.
2522,satan.
2523,satan.
2524,satan.
2525,satan.
2526,satan.
2527,satan.
2528,satan.
2529,satan.
2530,satan.
2531,satan.
2532,satan.
2533,satan.
2534,satan.
2535,satan.
2536,satan.
2537,satan.
2538,satan.
2539,satan.
2540,satan.
2541,satan.
2542,satan.
2543,satan.
2544,satan.
2545,satan.
2546,satan.
2547,satan.
2548,satan.
2549,satan.
2550,satan.
2551,satan.
2552,satan.
2553,satan.
2554,satan.
2555,satan.
2556,satan.
2557,satan.
2558,satan.
2559,satan.
2560,satan.
2561,satan.
2562,satan.
2563,satan.
2564,satan.
2565,satan.
2566,satan.
2567,satan.
2568,satan.
2569,satan.
2570,satan.
2571,satan.
2572,satan.
2573,satan.
2574,satan.
2575,satan.
2576,satan.
2577,satan.
2578,satan.
2579,satan.
2580,satan.
2581,satan.
2582,satan.
2583,satan.
2584,satan.
2585,satan.
2586,satan.
2587,satan.
2588,satan.
2589,satan.
2590,satan.
2591,satan.
2592,satan.
2593,satan.
2594,satan.
2595,satan.
2596,satan.
2597,satan.
2598,satan.
2599,satan.
2600,satan.
2601,satan.
2602,satan.
2603,satan.
2604,satan.
2605,satan.
2606,satan.
2607,satan.
2608,satan.
2609,satan.
2610,satan.
2611,satan.
2612,satan.
2613,satan.
2614,satan.
2615,satan.
2616,satan.
2617,satan.
2618,satan.
2619,satan.
2620,satan.
2621,satan.
2622,satan.
2623,satan.
2624,satan.
2625,satan.
2626,satan.
2627,satan.
2628,satan.
2629,satan.
2630,satan.
2631,satan.
2632,satan.
2633,satan.
2634,satan.
2635,satan.
2636,satan.
2637,satan.
2638,satan.
2639,satan.
2640,satan.
2641,satan.
2642,satan.
2643,satan.
2644,satan.
2645,satan.
2646,satan.
2647,satan.
2648,satan.
2649,satan.
2650,satan.
2651,satan.
2652,satan.
2653,satan.
2654,satan.
2655,satan.
2656,satan.
2657,satan.
2658,satan.
2659,satan.
2660,satan.
2661,satan.
2662,satan.
2663,satan.
2664,satan.
2665,satan.
2666,satan.
2667,satan.
2668,satan.
2669,satan.
2670,satan.
2671,satan.
2672,satan.
2673,satan.
2674,satan.
2675,satan.
2676,satan.
2677,satan.
2678,satan.
2679,satan.
2680,satan.
2681,satan.
2682,satan.
2683,satan.
2684,satan.
2685,satan.
2686,satan.
2687,satan.
2688,satan.
2689,satan.
2690,satan.
2691,satan.
2692,satan.
2693,satan.
2694,satan.
2695,satan.
2696,satan.
2697,satan.
2698,satan.
2699,satan.
2700,satan.
2701,satan.
2702,satan.
2703,satan.
2704,satan.
2705,satan.
2706,satan.
2707,satan.
2708,satan.
2709,satan.
2710,satan.
2711,satan.
2712,satan.
2713,satan.
2714,satan.
2715,satan.
2716,satan.
2717,satan.
2718,satan.
2719,satan.
2720,satan.
2721,satan.
2722,satan.
2723,satan.
2724,satan.
2725,satan.
2726,satan.
2727,satan.
2728,satan.
2729,satan.
2730,satan.
2731,satan.
2732,satan.
2733,satan.
2734,satan.
2735,satan.
2736,satan.
2737,satan.
2738,satan.
2739,satan.
2740,satan.
2741,satan.
2742,satan.
2743,satan.
2744,satan.
2745,satan.
2746,satan.
2747,satan.
2748,satan.
2749,satan.
2750,satan.
2751,satan.
2752,satan.
2753,satan.
2754,satan.
2755,satan.
2756,satan.
2757,satan.
2758,satan.
2759,satan.
2760,satan.
2761,satan.
2762,satan.
2763,satan.
2764,satan.
2765,satan.
2766,satan.
2767,satan.
2768,satan.
2769,satan.
2770,satan.
2771,satan.
2772,satan.
2773,satan.
2774,satan.
2775,satan.
2776,satan.
2777,satan.
2778,satan.
2779,satan.
2780,satan.
2781,satan.
2782,satan.
2783,satan.
2784,satan.
2785,satan.
2786,satan.
2787,satan.
2788,satan.
2789,satan.
2790,satan.
2791,satan.
2792,satan.
2793,satan.
2794,satan.
2795,satan.
2796,satan.
2797,satan.
2798,satan.
2799,satan.
2800,satan.
2801,satan.
2802,satan.
2803,satan.
2804,satan.
2805,satan.
2806,satan.
2807,satan.
2808,satan.
2809,satan.
2810,satan.
2811,satan.
2812,satan.
2813,satan.
2814,satan.
2815,satan.
2816,satan.
2817,satan.
2818,satan.
2819,satan.
2820,satan.
2821,satan.
2822,satan.
2823,satan.
2824,satan.
2825,satan.
2826,satan.
2827,satan.
2828,satan.
2829,satan.
2830,satan.
2831,satan.
2832,satan.
2833,satan.
2834,satan.
2835,satan.
2836,satan.
2837,satan.
2838,satan.
2839,satan.
2840,satan.
2841,satan.
2842,satan.
2843,satan.
2844,satan.
2845,satan.
2846,satan.
2847,satan.
2848,satan.
2849,satan.
2850,satan.
2851,satan.
2852,satan.
2853,satan.
2854,satan.
2855,satan.
2856,satan.
2857,satan.
2858,satan.
2859,satan.
2860,satan.
2861,satan.
2862,satan.
2863,satan.
2864,satan.
2865,satan.
2866,satan.
2867,satan.
2868,satan.
2869,satan.
2870,satan.
2871,satan.
2872,satan.
2873,satan.
2874,satan.
2875,satan.
2876,satan.
2877,satan.
2878,satan.
2879,satan.
2880,satan.
2881,satan.
2882,satan.
2883,satan.
2884,satan.
2885,satan.
2886,satan.
2887,satan.
2888,satan.
2889,satan.
2890,satan.
2891,satan.
2892,satan.
2893,satan.
2894,satan.
2895,satan.
2896,satan.
2897,satan.
2898,satan.
2899,satan.
2900,satan.
2901,satan.
2902,satan.
2903,satan.
2904,satan.
2905,satan.
2906,satan.
2907,satan.
2908,satan.
2909,satan.
2910,satan.
2911,satan.
2912,satan.
2913,satan.
2914,satan.
2915,satan.
2916,satan.
2917,satan.
2918,satan.
2919,satan.
2920,satan.
2921,satan.
2922,satan.
2923,satan.
2924,satan.
2925,satan.
2926,satan.
2927,satan.
2928,satan.
2929,satan.
2930,satan.
2931,satan.
2932,satan.
2933,satan.
2934,satan.
2935,satan.
2936,satan.
2937,satan.
2938,satan.
2939,satan.
2940,satan.
2941,satan.
2942,satan.
2943,satan.
2944,satan.
2945,satan.
2946,satan.
2947,satan.
2948,satan.
2949,satan.
2950,satan.
2951,satan.
2952,satan.
2953,satan.
2954,satan.
2955,satan.
2956,satan.
2957,satan.
2958,satan.
2959,satan.
2960,satan.
2961,satan.
2962,satan.
2963,satan.
2964,satan.
2965,satan.
2966,satan.
2967,satan.
2968,satan.
2969,satan.
2970,satan.
2971,satan.
2972,satan.
2973,satan.
2974,satan.
2975,satan.
2976,satan.
2977,satan.
2978,satan.
2979,satan.
2980,satan.
2981,satan.
2982,satan.
2983,satan.
2984,satan.
2985,satan.
2986,satan.
2987,satan.
2988,satan.
2989,satan.
2990,satan.
2991,satan.
2992,satan.
2993,satan.
2994,satan.
2995,satan.
2996,satan.
2997,satan.
2998,satan.
2999,satan.
3000,satan.
3001,satan.
3002,satan.
3003,satan.
3004,satan.
3005,satan.
3006,satan.
3007,satan.
3008,satan.
3009,satan.
3010,satan.
3011,satan.
3012,satan.
3013,satan.
3014,satan.
3015,satan.
3016,satan.
3017,satan.
3018,satan.
3019,satan.
3020,satan.
3021,satan.
3022,satan.
3023,satan.
3024,satan.
3025,satan.
3026,satan.
3027,satan.
3028,satan.
3029,satan.
3030,satan.
3031,satan.
3032,satan.
3033,satan.
3034,satan.
3035,satan.
3036,satan.
3037,satan.
3038,satan.
3039,satan.
3040,satan.
3041,satan.
3042,satan.
3043,satan.
3044,satan.
3045,satan.
3046,satan.
3047,satan.
3048,satan.
3049,satan.
3050,satan.
3051,satan.
3052,satan.
3053,satan.
3054,satan.
3055,satan.
3056,satan.
3057,satan.
3058,satan.
3059,satan.
3060,satan.
3061,satan.
3062,satan.
3063,satan.
3064,satan.
3065,satan.
3066,satan.
3067,satan.
3068,satan.
3069,satan.
3070,satan.
3071,satan.
3072,satan.
3073,satan.
3074,satan.
3075,satan.
3076,satan.
3077,satan.
3078,satan.
3079,satan.
3080,satan.
3081,satan.
3082,satan.
3083,satan.
3084,satan.
3085,satan.
3086,satan.
3087,satan.
3088,satan.
3089,satan.
3090,satan.
3091,satan.
3092,satan.
3093,satan.
3094,satan.
3095,satan.
3096,satan.
3097,satan.
3098,satan.
3099,satan.
3100,satan.
3101,satan.
3102,satan.
3103,satan.
3104,satan.
3105,satan.
3106,satan.
3107,satan.
3108,satan.
3109,satan.
3110,satan.
3111,satan.
3112,satan.
3113,satan.
3114,satan.
3115,satan.
3116,satan.
3117,satan.
3118,satan.
3119,satan.
3120,satan.
3121,satan.
3122,satan.
3123,satan.
3124,satan.
3125,satan.
3126,satan.
3127,satan.
3128,satan.
3129,satan.
3130,satan.
3131,satan.
3132,satan.
3133,satan.
3134,satan.
3135,satan.
3136,satan.
3137,satan.
3138,satan.
3139,satan.
3140,satan.
3141,satan.
3142,satan.
3143,satan.
3144,satan.
3145,satan.
3146,satan.
3147,satan.
3148,satan.
3149,satan.
3150,satan.
3151,satan.
3152,satan.
3153,satan.
3154,satan.
3155,satan.
3156,satan.
3157,satan.
3158,satan.
3159,satan.
3160,satan.
3161,satan.
3162,satan.
3163,satan.
3164,satan.
3165,satan.
3166,satan.
3167,satan.
3168,satan.
3169,satan.
3170,satan.
3171,satan.
3172,satan.
3173,satan.
3174,satan.
3175,satan.
3176,satan.
3177,satan.
3178,satan.
3179,satan.
3180,satan.
3181,satan.
3182,satan.
3183,satan.
3184,satan.
3185,satan.
3186,satan.
3187,satan.
3188,satan.
3189,satan.
3190,satan.
3191,satan.
3192,satan.
3193,satan.
3194,satan.
3195,satan.
3196,satan.
3197,satan.
3198,satan.
3199,satan.
3200,satan.
3201,satan.
3202,satan.
3203,satan.
3204,satan.
3205,satan.
3206,satan.
3207,satan.
3208,satan.
3209,satan.
3210,satan.
3211,satan.
3212,satan.
3213,satan.
3214,satan.
3215,satan.
3216,satan.
3217,satan.
3218,satan.
3219,satan.
3220,satan.
3221,satan.
3222,satan.
3223,satan.
3224,satan.
3225,satan.
3226,satan.
3227,satan.
3228,satan.
3229,satan.
3230,satan.
3231,satan.
3232,satan.
3233,satan.
3234,satan.
3235,satan.
3236,satan.
3237,satan.
3238,satan.
3239,satan.
3240,satan.
3241,satan.
3242,satan.
3243,satan.
3244,satan.
3245,satan.
3246,satan.
3247,satan.
3248,satan.
3249,satan.
3250,satan.
3251,satan.
3252,satan.
3253,satan.
3254,satan.
3255,satan.
3256,satan.
3257,satan.
3258,satan.
3259,satan.
3260,satan.
3261,satan.
3262,satan.
3263,satan.
3264,satan.
3265,satan.
3266,satan.
3267,satan.
3268,satan.
3269,satan.
3270,satan.
3271,satan.
3272,satan.
3273,satan.
3274,satan.
3275,satan.
3276,satan.
3277,satan.
3278,satan.
3279,satan.
3280,satan.
3281,satan.
3282,satan.
3283,satan.
3284,satan.
3285,satan.
3286,satan.
3287,satan.
3288,satan.
3289,satan.
3290,satan.
3291,satan.
3292,satan.
3293,satan.
3294,satan.
3295,satan.
3296,satan.
3297,satan.
3298,satan.
3299,satan.
3300,satan.
3301,satan.
3302,satan.
3303,satan.
3304,satan.
3305,satan.
3306,satan.
3307,satan.
3308,satan.
3309,satan.
3310,satan.
3311,satan.
3312,satan.
3313,satan.
3314,satan.
3315,satan.
3316,satan.
3317,satan.
3318,satan.
3319,satan.
3320,satan.
3321,satan.
3322,satan.
3323,satan.
3324,satan.
3325,satan.
3326,satan.
3327,satan.
3328,satan.
3329,satan.
3330,satan.
3331,satan.
3332,satan.
3333,satan.
3334,satan.
3335,satan.
3336,satan.
3337,satan.
3338,satan.
3339,satan.
3340,satan.
3341,satan.
3342,satan.
3343,satan.
3344,satan.
3345,satan.
3346,satan.
3347,satan.
3348,satan.
3349,satan.
3350,satan.
3351,satan.
3352,satan.
3353,satan.
3354,satan.
3355,satan.
3356,satan.
3357,satan.
3358,satan.
3359,satan.
3360,satan.
3361,satan.
3362,satan.
3363,satan.
3364,satan.
3365,satan.
3366,satan.
3367,satan.
3368,satan.
3369,satan.
3370,satan.
3371,satan.
3372,satan.
3373,satan.
3374,satan.
3375,satan.
3376,satan.
3377,satan.
3378,satan.
3379,satan.
3380,satan.
3381,satan.
3382,satan.
3383,satan.
3384,satan.
3385,satan.
3386,satan.
3387,satan.
3388,satan.
3389,satan.
3390,satan.
3391,satan.
3392,satan.
3393,satan.
3394,satan.
3395,satan.
3396,satan.
3397,satan.
3398,satan.
3399,satan.
3400,satan.
3401,satan.
3402,satan.
3403,satan.
3404,satan.
3405,satan.
3406,satan.
3407,satan.
3408,satan.
3409,satan.
3410,satan.
3411,satan.
3412,satan.
3413,satan.
3414,satan.
3415,satan.
3416,satan.
3417,satan.
3418,satan.
3419,satan.
3420,satan.
3421,satan.
3422,satan.
3423,satan.
3424,satan.
3425,satan.
3426,satan.
3427,satan.
3428,satan.
3429,satan.
3430,satan.
3431,satan.
3432,satan.
3433,satan.
3434,satan.
3435,satan.
3436,satan.
3437,satan.
3438,satan.
3439,satan.
3440,satan.
3441,satan.
3442,satan.
3443,satan.
3444,satan.
3445,satan.
3446,satan.
3447,satan.
3448,satan.
3449,satan.
3450,satan.
3451,satan.
3452,satan.
3453,satan.
3454,satan.
3455,satan.
3456,satan.
3457,satan.
3458,satan.
3459,satan.
3460,satan.
3461,satan.
3462,satan.
3463,satan.
3464,satan.
3465,satan.
3466,satan.
3467,satan.
3468,satan.
3469,satan.
3470,satan.
3471,satan.
3472,satan.
3473,satan.
3474,satan.
3475,satan.
3476,satan.
3477,satan.
3478,satan.
3479,satan.
3480,satan.
3481,satan.
3482,satan.
3483,satan.
3484,satan.
3485,satan.
3486,satan.
3487,satan.
3488,satan.
3489,satan.
3490,satan.
3491,satan.
3492,satan.
3493,satan.
3494,satan.
3495,satan.
3496,satan.
3497,satan.
3498,satan.
3499,satan.
3500,satan.
3501,satan.
3502,satan.
3503,satan.
3504,satan.
3505,satan.
3506,satan.
3507,satan.
3508,satan.
3509,satan.
3510,satan.
3511,satan.
3512,satan.
3513,satan.
3514,satan.
3515,satan.
3516,satan.
3517,satan.
3518,satan.
3519,satan.
3520,satan.
3521,satan.
3522,satan.
3523,satan.
3524,satan.
3525,satan.
3526,satan.
3527,satan.
3528,satan.
3529,satan.
3530,satan.
3531,satan.
3532,satan.
3533,satan.
3534,satan.
3535,satan.
3536,satan.
3537,satan.
3538,satan.
3539,satan.
3540,satan.
3541,satan.
3542,satan.
3543,satan.
3544,satan.
3545,satan.
3546,satan.
3547,satan.
3548,satan.
3549,satan.
3550,satan.
3551,satan.
3552,satan.
3553,satan.
3554,satan.
3555,satan.
3556,satan.
3557,satan.
3558,satan.
3559,satan.
3560,satan.
3561,satan.
3562,satan.
3563,satan.
3564,satan.
3565,satan.
3566,satan.
3567,satan.
3568,satan.
3569,satan.
3570,satan.
3571,satan.
3572,satan.
3573,satan.
3574,satan.
3575,satan.
3576,satan.
3577,satan.
3578,satan.
3579,satan.
3580,satan.
3581,satan.
3582,satan.
3583,satan.
3584,satan.
3585,satan.
3586,satan.
3587,satan.
3588,satan.
3589,satan.
3590,satan.
3591,satan.
3592,satan.
3593,satan.
3594,satan.
3595,satan.
3596,satan.
3597,satan.
3598,satan.
3599,satan.
3600,satan.
3601,satan.
3602,satan.
3603,satan.
3604,satan.
3605,satan.
3606,satan.
3607,satan.
3608,satan.
3609,satan.
3610,satan.
3611,satan.
3612,satan.
3613,satan.
3614,satan.
3615,satan.
3616,satan.
3617,satan.
3618,satan.
3619,satan.
3620,satan.
3621,satan.
3622,satan.
3623,satan.
3624,satan.
3625,satan.
3626,satan.
3627,satan.
3628,satan.
3629,satan.
3630,satan.
3631,satan.
3632,satan.
3633,satan.
3634,satan.
3635,satan.
3636,satan.
3637,satan.
3638,satan.
3639,satan.
3640,satan.
3641,satan.
3642,satan.
3643,satan.
3644,satan.
3645,satan.
3646,satan.
3647,satan.
3648,satan.
3649,satan.
3650,satan.
3651,satan.
3652,satan.
3653,satan.
3654,satan.
3655,satan.
3656,satan.
3657,satan.
3658,satan.
3659,satan.
3660,satan.
3661,satan.
3662,satan.
3663,satan.
3664,satan.
3665,satan.
3666,satan.
3667,satan.
3668,satan.
3669,satan.
3670,satan.
3671,satan.
3672,satan.
3673,satan.
3674,satan.
3675,satan.
3676,satan.
3677,satan.
3678,satan.
3679,satan.
3680,satan.
3681,satan.
3682,satan.
3683,satan.
3684,satan.
3685,satan.
3686,satan.
3687,satan.
3688,satan.
3689,satan.
3690,satan.
3691,satan.
3692,satan.
3693,satan.
3694,satan.
3695,satan.
3696,satan.
3697,satan.
3698,satan.
3699,satan.
3700,satan.
3701,satan.
3702,satan.
3703,satan.
3704,satan.
3705,satan.
3706,satan.
3707,satan.
3708,satan.
3709,satan.
3710,satan.
3711,satan.
3712,satan.
3713,satan.
3714,satan.
3715,satan.
3716,satan.
3717,satan.
3718,satan.
3719,satan.
3720,satan.
3721,satan.
3722,satan.
3723,satan.
3724,satan.
3725,satan.
3726,satan.
3727,satan.
3728,satan.
3729,satan.
3730,satan.
3731,satan.
3732,satan.
3733,satan.
3734,satan.
3735,satan.
3736,satan.
3737,satan.
3738,satan.
3739,satan.
3740,satan.
3741,satan.
3742,satan.
3743,satan.
3744,satan.
3745,satan.
3746,satan.
3747,satan.
3748,satan.
3749,satan.
3750,satan.
3751,satan.
3752,satan.
3753,satan.
3754,satan.
3755,satan.
3756,satan.
3757,satan.
3758,satan.
3759,satan.
3760,satan.
3761,satan.
3762,satan.
3763,satan.
3764,satan.
3765,satan.
3766,satan.
3767,satan.
3768,satan.
3769,satan.
3770,satan.
3771,satan.
3772,satan.
3773,satan.
3774,satan.
3775,satan.
3776,satan.
3777,satan.
3778,satan.
3779,satan.
3780,satan.
3781,satan.
3782,satan.
3783,satan.
3784,satan.
3785,satan.
3786,satan.
3787,satan.
3788,satan.
3789,satan.
3790,satan.
3791,satan.
3792,satan.
3793,satan.
3794,satan.
3795,satan.
3796,satan.
3797,satan.
3798,satan.
3799,satan.
3800,satan.
3801,satan.
3802,satan.
3803,satan.
3804,satan.
3805,satan.
3806,satan.
3807,satan.
3808,satan.
3809,satan.
3810,satan.
3811,satan.
3812,satan.
3813,satan.
3814,satan.
3815,satan.
3816,satan.
3817,satan.
3818,satan.
3819,satan.
3820,satan.
3821,satan.
3822,satan.
3823,satan.
3824,satan.
3825,satan.
3826,satan.
3827,satan.
3828,satan.
3829,satan.
3830,satan.
3831,satan.
3832,satan.
3833,satan.
3834,satan.
3835,satan.
3836,satan.
3837,satan.
3838,satan.
3839,satan.
3840,satan.
3841,satan.
3842,satan.
3843,satan.
3844,satan.
3845,satan.
3846,satan.
3847,satan.
3848,satan.
3849,satan.
3850,satan.
3851,satan.
3852,satan.
3853,satan.
3854,satan.
3855,satan.
3856,satan.
3857,satan.
3858,satan.
3859,satan.
3860,satan.
3861,satan.
3862,satan.
3863,satan.
3864,satan.
3865,satan.
3866,satan.
3867,satan.
3868,satan.
3869,satan.
3870,satan.
3871,satan.
3872,satan.
3873,satan.
3874,satan.
3875,satan.
3876,satan.
3877,satan.
3878,satan.
3879,satan.
3880,satan.
3881,satan.
3882,satan.
3883,satan.
3884,satan.
3885,satan.
3886,satan.
3887,satan.
3888,satan.
3889,satan.
3890,satan.
3891,satan.
3892,satan.
3893,satan.
3894,satan.
3895,satan.
3896,satan.
3897,satan.
3898,satan.
3899,satan.
3900,satan.
3901,satan.
3902,satan.
3903,satan.
3904,satan.
3905,satan.
3906,satan.
3907,satan.
3908,satan.
3909,satan.
3910,satan.
3911,satan.
3912,satan.
3913,satan.
3914,satan.
3915,satan.
3916,satan.
3917,satan.
3918,satan.
3919,satan.
3920,satan.
3921,satan.
3922,satan.
3923,satan.
3924,satan.
3925,satan.
3926,satan.
3927,satan.
3928,satan.
3929,satan.
3930,satan.
3931,satan.
3932,satan.
3933,satan.
3934,satan.
3935,satan.
3936,satan.
3937,satan.
3938,satan.
3939,satan.
3940,satan.
3941,satan.
3942,satan.
3943,satan.
3944,satan.
3945,satan.
3946,satan.
3947,satan.
3948,satan.
3949,satan.
3950,satan.
3951,satan.
3952,satan.
3953,satan.
3954,satan.
3955,satan.
3956,satan.
3957,satan.
3958,satan.
3959,satan.
3960,satan.
3961,satan.
3962,satan.
3963,satan.
3964,satan.
3965,satan.
3966,satan.
3967,satan.
3968,satan.
3969,satan.
3970,satan.
3971,satan.
3972,satan.
3973,satan.
3974,satan.
3975,satan.
3976,satan.
3977,satan.
3978,satan.
3979,satan.
3980,satan.
3981,satan.
3982,satan.
3983,satan.
3984,satan.
3985,satan.
3986,satan.
3987,satan.
3988,satan.
3989,satan.
3990,satan.
3991,satan.
3992,satan.
3993,satan.
3994,satan.
3995,satan.
3996,satan.
3997,satan.
3998,satan.
3999,satan.
4000,satan.
4001,satan.
4002,satan.
4003,satan.
4004,satan.
4005,satan.
4006,satan.
4007,satan.
4008,satan.
4009,satan.
4010,satan.
4011,satan.
4012,satan.
4013,satan.
4014,satan.
4015,satan.
4016,satan.
4017,satan.
4018,satan.
4019,satan.
4020,satan.
4021,satan.
4022,satan.
4023,satan.
4024,satan.
4025,satan.
4026,satan.
4027,satan.
4028,satan.
4029,satan.
4030,satan.
4031,satan.
4032,satan.
4033,satan.
4034,satan.
4035,satan.
4036,satan.
4037,satan.
4038,satan.
4039,satan.
4040,satan.
4041,satan.
4042,satan.
4043,satan.
4044,satan.
4045,satan.
4046,satan.
4047,satan.
4048,satan.
4049,satan.
4050,satan.
4051,satan.
4052,satan.
4053,satan.
4054,satan.
4055,satan.
4056,satan.
4057,satan.
4058,satan.
4059,satan.
4060,satan.
4061,satan.
4062,satan.
4063,satan.
4064,satan.
4065,satan.
4066,satan.
4067,satan.
4068,satan.
4069,satan.
4070,satan.
4071,satan.
4072,satan.
4073,satan.
4074,satan.
4075,satan.
4076,satan.
4077,satan.
4078,satan.
4079,satan.
4080,satan.
4081,satan.
4082,satan.
4083,satan.
4084,satan.
4085,satan.
4086,satan.
4087,satan.
4088,satan.
4089,satan.
4090,satan.
4091,satan.
4092,satan.
4093,satan.
4094,satan.
4095,satan.
4096,satan.
4097,satan.
4098,satan.
4099,satan.
4100,satan.
4101,satan.
4102,satan.
4103,satan.
4104,satan.
4105,satan.
4106,satan.
4107,satan.
4108,satan.
4109,satan.
4110,satan.
4111,satan.
4112,satan.
4113,satan.
4114,satan.
4115,satan.
4116,satan.
4117,satan.
4118,satan.
4119,satan.
4120,satan.
4121,satan.
4122,satan.
4123,satan.
4124,satan.
4125,satan.
4126,satan.
4127,satan.
4128,satan.
4129,satan.
4130,satan.
4131,satan.
4132,satan.
4133,satan.
4134,satan.
4135,satan.
4136,satan.
4137,satan.
4138,satan.
4139,satan.
4140,satan.
4141,satan.
4142,satan.
4143,satan.
4144,satan.
4145,satan.
4146,satan.
4147,satan.
4148,satan.
4149,satan.
4150,satan.
4151,satan.
4152,satan.
4153,satan.
4154,satan.
4155,satan.
4156,satan.
4157,satan.
4158,satan.
4159,satan.
4160,satan.
4161,satan.
4162,satan.
4163,satan.
4164,satan.
4165,satan.
4166,satan.
4167,satan.
4168,satan.
4169,satan.
4170,satan.
4171,satan.
4172,satan.
4173,satan.
4174,satan.
4175,satan.
4176,satan.
4177,satan.
4178,satan.
4179,satan.
4180,satan.
4181,satan.
4182,satan.
4183,satan.
4184,satan.
4185,satan.
4186,satan.
4187,satan.
4188,satan.
4189,satan.
4190,satan.
4191,satan.
4192,satan.
4193,satan.
4194,satan.
4195,satan.
4196,satan.
4197,satan.
4198,satan.
4199,satan.
4200,satan.
4201,satan.
4202,satan.
4203,satan.
4204,satan.
4205,satan.
4206,satan.
4207,satan.
4208,satan.
4209,satan.
4210,satan.
4211,satan.
4212,satan.
4213,satan.
4214,satan.
4215,satan.
4216,satan.
4217,satan.
4218,satan.
4219,satan.
4220,satan.
4221,satan.
4222,satan.
4223,satan.
4224,satan.
4225,satan.
4226,satan.
4227,satan.
4228,satan.
4229,satan.
4230,satan.
4231,satan.
4232,satan.
4233,satan.
4234,satan.
4235,satan.
4236,satan.
4237,satan.
4238,satan.
4239,satan.
4240,satan.
4241,satan.
4242,satan.
4243,satan.
4244,satan.
4245,satan.
4246,satan.
4247,satan.
4248,satan.
4249,satan.
4250,satan.
4251,satan.
4252,satan.
4253,satan.
4254,satan.
4255,satan.
4256,satan.
4257,satan.
4258,satan.
4259,satan.
4260,satan.
4261,satan.
4262,satan.
4263,satan.
4264,satan.
4265,satan.
4266,satan.
4267,satan.
4268,satan.
4269,satan.
4270,satan.
4271,satan.
4272,satan.
4273,satan.
4274,satan.
4275,satan.
4276,satan.
4277,satan.
4278,satan.
4279,satan.
4280,satan.
4281,satan.
4282,satan.
4283,satan.
4284,satan.
4285,satan.
4286,satan.
4287,satan.
4288,satan.
4289,satan.
4290,satan.
4291,satan.
4292,satan.
4293,satan.
4294,satan.
4295,satan.
4296,satan.
4297,satan.
4298,satan.
4299,satan.
4300,satan.
4301,satan.
4302,satan.
4303,satan.
4304,satan.
4305,satan.
4306,satan.
4307,satan.
4308,satan.
4309,satan.
4310,satan.
4311,satan.
4312,satan.
4313,satan.
4314,satan.
4315,satan.
4316,satan.
4317,satan.
4318,satan.
4319,satan.
4320,satan.
4321,satan.
4322,satan.
4323,satan.
4324,satan.
4325,satan.
4326,satan.
4327,satan.
4328,satan.
4329,satan.
4330,satan.
4331,satan.
4332,satan.
4333,satan.
4334,satan.
4335,satan.
4336,satan.
4337,satan.
4338,satan.
4339,satan.
4340,satan.
4341,satan.
4342,satan.
4343,satan.
4344,satan.
4345,satan.
4346,satan.
4347,satan.
4348,satan.
4349,satan.
4350,satan.
4351,satan.
4352,satan.
4353,satan.
4354,satan.
4355,satan.
4356,satan.
4357,satan.
4358,satan.
4359,satan.
4360,satan.
4361,satan.
4362,satan.
4363,satan.
4364,satan.
4365,satan.
4366,satan.
4367,satan.
4368,satan.
4369,satan.
4370,satan.
4371,satan.
4372,satan.
4373,satan.
4374,satan.
4375,satan.
4376,satan.
4377,satan.
4378,satan.
4379,satan.
4380,satan.
4381,satan.
4382,satan.
4383,satan.
4384,satan.
4385,satan.
4386,satan.
4387,satan.
4388,satan.
4389,satan.
4390,satan.
4391,satan.
4392,satan.
4393,satan.
4394,satan.
4395,satan.
4396,satan.
4397,satan.
4398,satan.
4399,satan.
4400,satan.
4401,satan.
4402,satan.
4403,satan.
4404,satan.
4405,satan.
4406,satan.
4407,satan.
4408,satan.
4409,satan.
4410,satan.
4411,satan.
4412,satan.
4413,satan.
4414,satan.
4415,satan.
4416,satan.
4417,satan.
4418,satan.
4419,satan.
4420,satan.
4421,satan.
4422,satan.
4423,satan.
4424,satan.
4425,satan.
4426,satan.
4427,satan.
4428,satan.
4429,satan.
4430,satan.
4431,satan.
4432,satan.
4433,satan.
4434,satan.
4435,satan.
4436,satan.
4437,satan.
4438,satan.
4439,satan.
4440,satan.
4441,satan.
4442,satan.
4443,satan.
4444,satan.
4445,satan.
4446,satan.
4447,satan.
4448,satan.
4449,satan.
4450,satan.
4451,satan.
4452,satan.
4453,satan.
4454,satan.
4455,satan.
4456,satan.
4457,satan.
4458,satan.
4459,satan.
4460,satan.
4461,satan.
4462,satan.
4463,satan.
4464,satan.
4465,satan.
4466,satan.
4467,satan.
4468,satan.
4469,satan.
4470,satan.
4471,satan.
4472,satan.
4473,satan.
4474,satan.
4475,satan.
4476,satan.
4477,satan.
4478,satan.
4479,satan.
4480,satan.
4481,satan.
4482,satan.
4483,satan.
4484,satan.
4485,satan.
4486,satan.
4487,satan.
4488,satan.
4489,satan.
4490,satan.
4491,satan.
4492,satan.
4493,satan.
4494,satan.
4495,satan.
4496,satan.
4497,satan.
4498,satan.
4499,satan.
4500,satan.
4501,satan.
4502,satan.
4503,satan.
4504,satan.
4505,satan.
4506,satan.
4507,satan.
4508,satan.
4509,satan.
4510,satan.
4511,satan.
4512,satan.
4513,satan.
4514,satan.
4515,satan.
4516,satan.
4517,satan.
4518,satan.
4519,satan.
4520,satan.
4521,satan.
4522,satan.
4523,satan.
4524,satan.
4525,satan.
4526,satan.
4527,satan.
4528,satan.
4529,satan.
4530,satan.
4531,satan.
4532,satan.
4533,satan.
4534,satan.
4535,satan.
4536,satan.
4537,satan.
4538,satan.
4539,satan.
4540,satan.
4541,satan.
4542,satan.
4543,satan.
4544,satan.
4545,satan.
4546,satan.
4547,satan.
4548,satan.
4549,satan.
4550,satan.
4551,satan.
4552,satan.
4553,satan.
4554,satan.
4555,satan.
4556,satan.
4557,satan.
4558,satan.
4559,satan.
4560,satan.
4561,satan.
4562,satan.
4563,satan.
4564,satan.
4565,satan.
4566,satan.
4567,satan.
4568,satan.
4569,satan.
4570,satan.
4571,satan.
4572,satan.
4573,satan.
4574,satan.
4575,satan.
4576,satan.
4577,satan.
4578,satan.
4579,satan.
4580,satan.
4581,satan.
4582,satan.
4583,satan.
4584,satan.
4585,satan.
4586,satan.
4587,satan.
4588,satan.
4589,satan.
4590,satan.
4591,satan.
4592,satan.
4593,satan.
4594,satan.
4595,satan.
4596,satan.
4597,satan.
4598,satan.
4599,satan.
4600,satan.
4601,satan.
4602,satan.
4603,satan.
4604,satan.
4605,satan.
4606,satan.
4607,satan.
4608,satan.
4609,satan.
4610,satan.
4611,satan.
4612,satan.
4613,satan.
4614,satan.
4615,satan.
4616,satan.
4617,satan.
4618,satan.
4619,satan.
4620,satan.
4621,satan.
4622,satan.
4623,satan.
4624,satan.
4625,satan.
4626,satan.
4627,satan.
4628,satan.
4629,satan.
4630,satan.
4631,satan.
4632,satan.
4633,satan.
4634,satan.
4635,satan.
4636,satan.
4637,satan.
4638,satan.
4639,satan.
4640,satan.
4641,satan.
4642,satan.
4643,satan.
4644,satan.
4645,satan.
4646,satan.
4647,satan.
4648,satan.
4649,satan.
4650,satan.
4651,satan.
4652,satan.
4653,satan.
4654,satan.
4655,satan.
4656,satan.
4657,satan.
4658,satan.
4659,satan.
4660,satan.
4661,satan.
4662,satan.
4663,satan.
4664,satan.
4665,satan.
4666,satan.
4667,satan.
4668,satan.
4669,satan.
4670,satan.
4671,satan.
4672,satan.
4673,satan.
4674,satan.
4675,satan.
4676,satan.
4677,satan.
4678,satan.
4679,satan.
4680,satan.
4681,satan.
4682,satan.
4683,satan.
4684,satan.
4685,satan.
4686,satan.
4687,satan.
4688,satan.
4689,satan.
4690,satan.
4691,satan.
4692,satan.
4693,satan.
4694,satan.
4695,satan.
4696,satan.
4697,satan.
4698,satan.
4699,satan.
4700,satan.
4701,satan.
4702,satan.
4703,satan.
4704,satan.
4705,satan.
4706,satan.
4707,satan.
4708,satan.
4709,satan.
4710,satan.
4711,satan.
4712,satan.
4713,satan.
4714,satan.
4715,satan.
4716,satan.
4717,satan.
4718,satan.
4719,satan.
4720,satan.
4721,satan.
4722,satan.
4723,satan.
4724,satan.
4725,satan.
4726,satan.
4727,satan.
4728,satan.
4729,satan.
4730,satan.
4731,satan.
4732,satan.
4733,satan.
4734,satan.
4735,satan.
4736,satan.
4737,satan.
4738,satan.
4739,satan.
4740,satan.
4741,satan.
4742,satan.
4743,satan.
4744,satan.
4745,satan.
4746,satan.
4747,satan.
4748,satan.
4749,satan.
4750,satan.
4751,satan.
4752,satan.
4753,satan.
4754,satan.
4755,satan.
4756,satan.
4757,satan.
4758,satan.
4759,satan.
4760,satan.
4761,satan.
4762,satan.
4763,satan.
4764,satan.
4765,satan.
4766,satan.
4767,satan.
4768,satan.
4769,satan.
4770,satan.
4771,satan.
4772,satan.
4773,satan.
4774,satan.
4775,satan.
4776,satan.
4777,satan.
4778,satan.
4779,satan.
4780,satan.
4781,satan.
4782,satan.
4783,satan.
4784,satan.
4785,satan.
4786,satan.
4787,satan.
4788,satan.
4789,satan.
4790,satan.
4791,satan.
4792,satan.
4793,satan.
4794,satan.
4795,satan.
4796,satan.
4797,satan.
4798,satan.
4799,satan.
4800,satan.
4801,satan.
4802,satan.
4803,satan.
4804,satan.
4805,satan.
4806,satan.
4807,satan.
4808,satan.
4809,satan.
4810,satan.
4811,satan.
4812,satan.
4813,satan.
4814,satan.
4815,satan.
4816,satan.
4817,satan.
4818,satan.
4819,satan.
4820,satan.
4821,satan.
4822,satan.
4823,satan.
4824,satan.
4825,satan.
4826,satan.
4827,satan.
4828,satan.
4829,satan.
4830,satan.
4831,satan.
4832,satan.
4833,satan.
4834,satan.
4835,satan.
4836,satan.
4837,satan.
4838,satan.
4839,satan.
4840,satan.
4841,satan.
4842,satan.
4843,satan.
4844,satan.
4845,satan.
4846,satan.
4847,satan.
4848,satan.
4849,satan.
4850,satan.
4851,satan.
4852,satan.
4853,satan.
4854,satan.
4855,satan.
4856,satan.
4857,satan.
4858,satan.
4859,satan.
4860,satan.
4861,satan.
4862,satan.
4863,satan.
4864,satan.
4865,satan.
4866,satan.
4867,satan.
4868,satan.
4869,satan.
4870,satan.
4871,satan.
4872,satan.
4873,satan.
4874,satan.
4875,satan.
4876,satan.
4877,satan.
4878,satan.
4879,satan.
4880,satan.
4881,satan.
4882,satan.
4883,satan.
4884,satan.
4885,satan.
4886,satan.
4887,satan.
4888,satan.
4889,satan.
4890,satan.
4891,satan.
4892,satan.
4893,satan.
4894,satan.
4895,satan.
4896,satan.
4897,satan.
4898,satan.
4899,satan.
4900,satan.
4901,satan.
4902,satan.
4903,satan.
4904,satan.
4905,satan.
4906,satan.
4907,satan.
4908,satan.
4909,satan.
4910,satan.
4911,satan.
4912,satan.
4913,satan.
4914,satan.
4915,satan.
4916,satan.
4917,satan.
4918,satan.
4919,satan.
4920,satan.
4921,satan.
4922,satan.
4923,satan.
4924,satan.
4925,satan.
4926,satan.
4927,satan.
4928,satan.
4929,satan.
4930,satan.
4931,satan.
4932,satan.
4933,satan.
4934,satan.
4935,satan.
4936,satan.
4937,satan.
4938,satan.
4939,satan.
4940,satan.
4941,satan.
4942,satan.
4943,satan.
4944,satan.
4945,satan.
4946,satan.
4947,satan.
4948,satan.
4949,satan.
4950,satan.
4951,satan.
4952,satan.
4953,satan.
4954,satan.
4955,satan.
4956,satan.
4957,satan.
4958,satan.
4959,satan.
4960,satan.
4961,satan.
4962,satan.
4963,satan.
4964,satan.
4965,satan.
4966,satan.
4967,satan.
4968,satan.
4969,satan.
4970,satan.
4971,satan.
4972,satan.
4973,satan.
4974,satan.
4975,satan.
4976,satan.
4977,satan.
4978,satan.
4979,satan.
4980,satan.
4981,satan.
4982,satan.
4983,satan.
4984,satan.
4985,satan.
4986,satan.
4987,satan.
4988,satan.
4989,satan.
4990,satan.
4991,satan.
4992,satan.
4993,satan.
4994,satan.
4995,satan.
4996,satan.
4997,satan.
4998,satan.
4999,satan.
5000,satan.
5001,satan.
5002,satan.
5003,satan.
5004,satan.
5005,satan.
5006,satan.
5007,satan.
5008,satan.
5009,satan.
5010,satan.
5011,satan.
5012,satan.
5013,satan.
5014,satan.
5015,satan.
5016,satan.
5017,satan.
5018,satan.
5019,satan.
5020,satan.
5021,satan.
5022,satan.
5023,satan.
5024,satan.
5025,satan.
5026,satan.
5027,satan.
5028,satan.
5029,satan.
5030,satan.
5031,satan.
5032,satan.
5033,satan.
5034,satan.
5035,satan.
5036,satan.
5037,satan.
5038,satan.
5039,satan.
5040,satan.
5041,satan.
5042,satan.
5043,satan.
5044,satan.
5045,satan.
5046,satan.
5047,satan.
5048,satan.
5049,satan.
5050,satan.
5051,satan.
5052,satan.
5053,satan.
5054,satan.
5055,satan.
5056,satan.
5057,satan.
5058,satan.
5059,satan.
5060,satan.
5061,satan.
5062,satan.
5063,satan.
5064,satan.
5065,satan.
5066,satan.
5067,satan.
5068,satan.
5069,satan.
5070,satan.
5071,satan.
5072,satan.
5073,satan.
5074,satan.
5075,satan.
5076,satan.
5077,satan.
5078,satan.
5079,satan.
5080,satan.
5081,satan.
5082,satan.
5083,satan.
5084,satan.
5085,satan.
5086,satan.
5087,satan.
5088,satan.
5089,satan.
5090,satan.
5091,satan.
5092,satan.
5093,satan.
5094,satan.
5095,satan.
5096,satan.
5097,satan.
5098,satan.
5099,satan.
5100,satan.
5101,satan.
5102,satan.
5103,satan.
5104,satan.
5105,satan.
5106,satan.
5107,satan.
5108,satan.
5109,satan.
5110,satan.
5111,satan.
5112,satan.
5113,satan.
5114,satan.
5115,satan.
5116,satan.
5117,satan.
5118,satan.
5119,satan.
5120,satan.
5121,satan.
5122,satan.
5123,satan.
5124,satan.
5125,satan.
5126,satan.
5127,satan.
5128,satan.
5129,satan.
5130,satan.
5131,satan.
5132,satan.
5133,satan.
5134,satan.
5135,satan.
5136,satan.
5137,satan.
5138,satan.
5139,satan.
5140,satan.
5141,satan.
5142,satan.
5143,satan.
5144,satan.
5145,satan.
5146,satan.
5147,satan.
5148,satan.
5149,satan.
5150,satan.
5151,satan.
5152,satan.
5153,satan.
5154,satan.
5155,satan.
5156,satan.
5157,satan.
5158,satan.
5159,satan.
5160,satan.
5161,satan.
5162,satan.
5163,satan.
5164,satan.
5165,satan.
5166,satan.
5167,satan.
5168,satan.
5169,satan.
5170,satan.
5171,satan.
5172,satan.
5173,satan.
5174,satan.
5175,satan.
5176,satan.
5177,satan.
5178,satan.
5179,satan.
5180,satan.
5181,satan.
5182,satan.
5183,satan.
5184,satan.
5185,satan.
5186,satan.
5187,satan.
5188,satan.
5189,satan.
5190,satan.
5191,satan.
5192,satan.
5193,satan.
5194,satan.
5195,satan.
5196,satan.
5197,satan.
5198,satan.
5199,satan.
5200,satan.
5201,satan.
5202,satan.
5203,satan.
5204,satan.
5205,satan.
5206,satan.
5207,satan.
5208,satan.
5209,satan.
5210,satan.
5211,satan.
5212,satan.
5213,satan.
5214,satan.
5215,satan.
5216,satan.
5217,satan.
5218,satan.
5219,satan.
5220,satan.
5221,satan.
5222,satan.
5223,satan.
5224,satan.
5225,satan.
5226,satan.
5227,satan.
5228,satan.
5229,satan.
5230,satan.
5231,satan.
5232,satan.
5233,satan.
5234,satan.
5235,satan.
5236,satan.
5237,satan.
5238,satan.
5239,satan.
5240,satan.
5241,satan.
5242,satan.
5243,satan.
5244,satan.
5245,satan.
5246,satan.
5247,satan.
5248,satan.
5249,satan.
5250,satan.
5251,satan.
5252,satan.
5253,satan.
5254,satan.
5255,satan.
5256,satan.
5257,satan.
5258,satan.
5259,satan.
5260,satan.
5261,satan.
5262,satan.
5263,satan.
5264,satan.
5265,satan.
5266,satan.
5267,satan.
5268,satan.
5269,satan.
5270,satan.
5271,satan.
5272,satan.
5273,satan.
5274,satan.
5275,satan.
5276,satan.
5277,satan.
5278,satan.
5279,satan.
5280,satan.
5281,satan.
5282,satan.
5283,satan.
5284,satan.
5285,satan.
5286,satan.
5287,satan.
5288,satan.
5289,satan.
5290,satan.
5291,satan.
5292,satan.
5293,satan.
5294,satan.
5295,satan.
5296,satan.
5297,satan.
5298,satan.
5299,satan.
5300,satan.
5301,satan.
5302,satan.
5303,satan.
5304,satan.
5305,satan.
5306,satan.
5307,satan.
5308,satan.
5309,satan.
5310,satan.
5311,satan.
5312,satan.
5313,satan.
5314,satan.
5315,satan.
5316,satan.
5317,satan.
5318,satan.
5319,satan.
5320,satan.
5321,satan.
5322,satan.
5323,satan.
5324,satan.
5325,satan.
5326,satan.
5327,satan.
5328,satan.
5329,satan.
5330,satan.
5331,satan.
5332,satan.
5333,satan.
5334,satan.
5335,satan.
5336,satan.
5337,satan.
5338,satan.
5339,satan.
5340,satan.
5341,satan.
5342,satan.
5343,satan.
5344,satan.
5345,satan.
5346,satan.
5347,satan.
5348,satan.
5349,satan.
5350,satan.
5351,satan.
5352,satan.
5353,satan.
5354,satan.
5355,satan.
5356,satan.
5357,satan.
5358,satan.
5359,satan.
5360,satan.
5361,satan.
5362,satan.
5363,satan.
5364,satan.
5365,satan.
5366,satan.
5367,satan.
5368,satan.
5369,satan.
5370,satan.
5371,satan.
5372,satan.
5373,satan.
5374,satan.
5375,satan.
5376,satan.
5377,satan.
5378,satan.
5379,satan.
5380,satan.
5381,satan.
5382,satan.
5383,satan.
5384,satan.
5385,satan.
5386,satan.
5387,satan.
5388,satan.
5389,satan.
5390,satan.
5391,satan.
5392,satan.
5393,satan.
5394,satan.
5395,satan.
5396,satan.
5397,satan.
5398,satan.
5399,satan.
5400,satan.
5401,satan.
5402,satan.
5403,satan.
5404,satan.
5405,satan.
5406,satan.
5407,satan.
5408,satan.
5409,satan.
5410,satan.
5411,satan.
5412,satan.
5413,satan.
5414,satan.
5415,satan.
5416,satan.
5417,satan.
5418,satan.
5419,satan.
5420,satan.
5421,satan.
5422,satan.
5423,satan.
5424,satan.
5425,satan.
5426,satan.
5427,satan.
5428,satan.
5429,satan.
5430,satan.
5431,satan.
5432,satan.
5433,satan.
5434,satan.
5435,satan.
5436,satan.
5437,satan.
5438,satan.
5439,satan.
5440,satan.
5441,satan.
5442,satan.
5443,satan.
5444,satan.
5445,satan.
5446,satan.
5447,satan.
5448,satan.
5449,satan.
5450,satan.
5451,satan.
5452,satan.
5453,satan.
5454,satan.
5455,satan.
5456,satan.
5457,satan.
5458,satan.
5459,satan.
5460,satan.
5461,satan.
5462,satan.
5463,satan.
5464,satan.
5465,satan.
5466,satan.
5467,satan.
5468,satan.
5469,satan.
5470,satan.
5471,satan.
5472,satan.
5473,satan.
5474,satan.
5475,satan.
5476,satan.
5477,satan.
5478,satan.
5479,satan.
5480,satan.
5481,satan.
5482,satan.
5483,satan.
5484,satan.
5485,satan.
5486,satan.
5487,satan.
5488,satan.
5489,satan.
5490,satan.
5491,satan.
5492,satan.
5493,satan.
5494,satan.
5495,satan.
5496,satan.
5497,satan.
5498,satan.
5499,satan.
5500,satan.
5501,satan.
5502,satan.
5503,satan.
5504,satan.
5505,satan.
5506,satan.
5507,satan.
5508,satan.
5509,satan.
5510,satan.
5511,satan.
5512,satan.
5513,satan.
5514,satan.
5515,satan.
5516,satan.
5517,satan.
5518,satan.
5519,satan.
5520,satan.
5521,satan.
5522,satan.
5523,satan.
5524,satan.
5525,satan.
5526,satan.
5527,satan.
5528,satan.
5529,satan.
5530,satan.
5531,satan.
5532,satan.
5533,satan.
5534,satan.
5535,satan.
5536,satan.
5537,satan.
5538,satan.
5539,satan.
5540,satan.
5541,satan.
5542,satan.
5543,satan.
5544,satan.
5545,satan.
5546,satan.
5547,satan.
5548,satan.
5549,satan.
5550,satan.
5551,satan.
5552,satan.
5553,satan.
5554,satan.
5555,satan.
5556,satan.
5557,satan.
5558,satan.
5559,satan.
5560,satan.
5561,satan.
5562,satan.
5563,satan.
5564,satan.
5565,satan.
5566,satan.
5567,satan.